customer_id,segment,industry,signup_date,monthly_spend,satisfaction_score
CUST_0001,Startup,Finance,2025-05-25,2294.73,4.5
CUST_0002,Individual,Healthcare,2025-01-29,1988.83,2.8
CUST_0003,Individual,Healthcare,2024-03-05,1430.72,3.5
CUST_0004,Individual,Manufacturing,2024-01-01,2275.66,5.2
CUST_0005,Individual,Finance,2024-09-25,3662.61,5.9
CUST_0006,Enterprise,Technology,2025-04-18,843.34,5.4
CUST_0007,Enterprise,Healthcare,2025-01-30,115.14,3.7
CUST_0008,SMB,Manufacturing,2023-10-21,846.43,4.8
CUST_0009,Individual,Finance,2024-08-02,543.61,4.6
CUST_0010,Enterprise,Manufacturing,2024-01-27,4551.48,3.2
CUST_0011,Startup,Manufacturing,2024-09-06,272.9,4.7
CUST_0012,Individual,Finance,2024-09-08,282.54,3.0
CUST_0013,Enterprise,Healthcare,2024-03-19,210.38,4.9
CUST_0014,SMB,Healthcare,2024-10-31,196.14,2.8
CUST_0015,Individual,Retail,2025-04-14,293.78,2.8
CUST_0016,Startup,Retail,2024-12-15,506.74,2.8
CUST_0017,SMB,Retail,2025-02-14,552.4,3.1
CUST_0018,SMB,Finance,2023-12-12,1432.99,5.9
CUST_0019,Startup,Retail,2024-11-08,415.47,3.4
CUST_0020,Individual,Healthcare,2024-05-02,269.52,4.1
CUST_0021,Enterprise,Retail,2023-11-23,370.78,4.2
CUST_0022,Enterprise,Manufacturing,2024-10-16,2123.78,4.8
CUST_0023,Enterprise,Healthcare,2024-07-03,209.66,5.2
CUST_0024,Startup,Technology,2025-02-06,1274.37,3.2
CUST_0025,Enterprise,Healthcare,2024-04-28,514.28,5.2
CUST_0026,Enterprise,Retail,2024-12-17,141.3,3.8
CUST_0027,Individual,Healthcare,2024-04-03,3458.24,5.3
CUST_0028,SMB,Healthcare,2024-02-16,508.1,4.7
CUST_0029,SMB,Healthcare,2024-03-19,70.31,3.9
CUST_0030,SMB,Healthcare,2024-02-04,617.79,2.9
CUST_0031,Enterprise,Retail,2024-02-21,387.07,4.2
CUST_0032,SMB,Retail,2024-06-16,102.42,3.9
CUST_0033,Enterprise,Technology,2023-12-28,385.42,3.6
CUST_0034,Individual,Retail,2024-03-09,909.0,4.6
CUST_0035,Enterprise,Retail,2023-10-06,114.47,3.9
CUST_0036,Startup,Finance,2025-04-17,119.19,3.9
CUST_0037,Individual,Retail,2024-10-14,177.07,4.3
CUST_0038,Individual,Finance,2025-01-23,111.09,4.1
CUST_0039,SMB,Manufacturing,2024-04-12,1883.62,4.6
CUST_0040,Startup,Manufacturing,2025-07-18,663.87,3.2
CUST_0041,Individual,Manufacturing,2024-02-05,2735.31,4.1
CUST_0042,Startup,Manufacturing,2023-12-11,33.85,1.6
CUST_0043,Startup,Healthcare,2024-05-24,629.39,5.0
CUST_0044,Individual,Finance,2024-04-02,784.98,3.5
CUST_0045,Startup,Finance,2024-05-22,558.54,5.1
CUST_0046,Startup,Healthcare,2024-04-30,1910.95,3.5
CUST_0047,Startup,Healthcare,2024-10-05,457.64,3.7
CUST_0048,Individual,Retail,2024-10-01,272.7,4.3
CUST_0049,SMB,Healthcare,2025-06-11,142.3,3.2
CUST_0050,SMB,Finance,2024-07-14,233.01,3.4
CUST_0051,Individual,Technology,2025-03-26,151.39,4.3
CUST_0052,Enterprise,Finance,2024-03-30,554.41,5.8
CUST_0053,Enterprise,Technology,2023-11-28,55.32,4.2
CUST_0054,SMB,Manufacturing,2024-09-04,231.16,4.1
CUST_0055,Startup,Manufacturing,2024-01-26,3643.51,4.8
CUST_0056,Enterprise,Technology,2023-12-02,290.46,5.3
CUST_0057,SMB,Manufacturing,2024-04-25,56.37,4.0
CUST_0058,Startup,Technology,2024-08-19,206.62,5.5
CUST_0059,SMB,Retail,2024-12-27,1089.16,5.1
CUST_0060,Startup,Retail,2025-06-22,138.8,4.3
CUST_0061,Enterprise,Technology,2025-01-20,311.15,4.0
CUST_0062,SMB,Retail,2025-02-21,1657.22,3.8
CUST_0063,Startup,Retail,2025-05-10,5628.99,3.1
CUST_0064,Enterprise,Healthcare,2024-11-27,315.19,4.3
CUST_0065,Enterprise,Manufacturing,2024-06-19,391.01,4.7
CUST_0066,Individual,Healthcare,2023-10-14,975.7,3.6
CUST_0067,Enterprise,Technology,2024-11-07,371.33,4.6
CUST_0068,Individual,Finance,2024-06-07,539.62,4.4
CUST_0069,Startup,Finance,2025-07-13,177.08,4.3
CUST_0070,Startup,Retail,2024-09-18,112.71,5.3
CUST_0071,Individual,Healthcare,2023-11-10,2599.12,4.9
CUST_0072,Individual,Manufacturing,2023-09-12,399.5,3.8
CUST_0073,Startup,Technology,2024-12-16,415.57,6.6
CUST_0074,Individual,Technology,2025-02-07,357.29,3.7
CUST_0075,Enterprise,Manufacturing,2025-05-08,229.78,4.2
CUST_0076,Individual,Healthcare,2023-12-15,1311.44,4.4
CUST_0077,Enterprise,Finance,2025-07-02,78.65,3.0
CUST_0078,Enterprise,Retail,2025-05-07,1428.85,3.1
CUST_0079,Enterprise,Finance,2024-06-02,115.45,3.3
CUST_0080,Startup,Retail,2025-02-21,332.99,5.6
CUST_0081,Startup,Retail,2024-09-25,249.14,3.9
CUST_0082,Startup,Manufacturing,2024-03-11,4091.43,5.2
CUST_0083,SMB,Finance,2025-03-04,609.3,5.6
CUST_0084,Individual,Healthcare,2023-09-18,2566.36,5.1
CUST_0085,SMB,Technology,2023-11-05,700.96,4.4
CUST_0086,Startup,Technology,2024-06-27,409.53,3.4
CUST_0087,Individual,Manufacturing,2024-06-11,1811.66,4.0
CUST_0088,Enterprise,Retail,2023-11-03,3234.63,5.6
CUST_0089,Startup,Manufacturing,2024-07-24,349.91,3.1
CUST_0090,Enterprise,Technology,2025-05-01,314.61,3.7
CUST_0091,SMB,Technology,2023-11-10,178.1,3.1
CUST_0092,Individual,Technology,2025-06-12,145.78,5.1
CUST_0093,Startup,Technology,2025-03-24,25.91,2.6
CUST_0094,Individual,Manufacturing,2024-08-30,240.16,4.2
CUST_0095,Individual,Manufacturing,2025-07-28,88.2,5.3
CUST_0096,SMB,Healthcare,2024-08-14,1030.55,3.9
CUST_0097,Startup,Retail,2025-01-26,621.64,3.5
CUST_0098,Individual,Technology,2024-06-06,390.06,4.3
CUST_0099,Individual,Healthcare,2023-09-28,164.02,3.5
CUST_0100,Enterprise,Healthcare,2025-01-05,1357.84,4.1
CUST_0101,SMB,Retail,2023-12-09,460.06,4.7
CUST_0102,Startup,Retail,2023-10-24,266.73,4.7
CUST_0103,Startup,Technology,2025-07-16,340.33,2.4
CUST_0104,SMB,Technology,2023-11-08,379.37,4.8
CUST_0105,Enterprise,Finance,2023-11-08,373.22,5.3
CUST_0106,Startup,Retail,2024-11-20,353.99,4.1
CUST_0107,Enterprise,Manufacturing,2024-04-22,152.28,5.3
CUST_0108,Startup,Retail,2024-05-17,48.71,4.9
CUST_0109,Startup,Technology,2025-01-02,96.17,4.3
CUST_0110,Startup,Technology,2023-12-15,205.11,4.2
CUST_0111,Startup,Healthcare,2024-11-23,710.75,3.7
CUST_0112,SMB,Retail,2025-08-09,345.21,4.8
CUST_0113,Startup,Healthcare,2025-08-09,900.07,4.7
CUST_0114,SMB,Healthcare,2025-08-28,70.03,3.7
CUST_0115,Individual,Finance,2025-08-17,76.27,3.6
CUST_0116,Enterprise,Retail,2025-08-20,800.51,5.1
CUST_0117,Individual,Technology,2024-02-07,237.46,2.2
CUST_0118,Startup,Technology,2024-12-05,794.19,4.6
CUST_0119,Startup,Manufacturing,2024-03-13,943.99,4.1
CUST_0120,Individual,Healthcare,2025-07-06,224.39,4.3
CUST_0121,Startup,Technology,2025-03-14,1054.35,3.3
CUST_0122,SMB,Technology,2023-11-25,125.98,4.8
CUST_0123,Startup,Healthcare,2025-06-13,166.88,5.3
CUST_0124,Enterprise,Technology,2024-07-01,765.92,3.4
CUST_0125,Startup,Retail,2025-01-29,916.4,3.8
CUST_0126,Individual,Healthcare,2023-11-07,264.87,4.5
CUST_0127,Enterprise,Healthcare,2023-10-06,295.92,4.9
CUST_0128,SMB,Healthcare,2025-08-21,236.32,4.2
CUST_0129,Individual,Technology,2025-05-06,1229.31,4.2
CUST_0130,Enterprise,Technology,2025-01-12,554.22,4.9
CUST_0131,Enterprise,Retail,2025-03-09,752.09,4.9
CUST_0132,SMB,Healthcare,2024-10-11,955.96,5.2
CUST_0133,Individual,Finance,2024-11-03,433.29,3.4
CUST_0134,Startup,Manufacturing,2023-12-26,257.19,4.2
CUST_0135,Startup,Manufacturing,2025-01-12,114.04,6.4
CUST_0136,Enterprise,Healthcare,2025-04-07,210.01,5.2
CUST_0137,Individual,Technology,2023-12-21,141.14,4.7
CUST_0138,Enterprise,Retail,2025-01-24,669.71,3.7
CUST_0139,Individual,Retail,2023-10-04,855.8,4.3
CUST_0140,Enterprise,Manufacturing,2024-10-02,2713.84,5.8
CUST_0141,Startup,Finance,2025-02-04,73.59,4.0
CUST_0142,Enterprise,Finance,2024-06-15,228.42,2.9
CUST_0143,Startup,Retail,2023-12-11,144.17,3.9
CUST_0144,SMB,Manufacturing,2025-06-02,346.79,5.0
CUST_0145,Startup,Manufacturing,2023-10-13,257.91,3.0
CUST_0146,Enterprise,Technology,2024-03-29,257.64,3.8
CUST_0147,Startup,Manufacturing,2025-04-28,260.77,4.5
CUST_0148,SMB,Healthcare,2025-05-11,143.63,5.0
CUST_0149,Individual,Manufacturing,2025-02-22,356.62,5.1
CUST_0150,Individual,Technology,2025-06-05,132.29,3.0
CUST_0151,Enterprise,Finance,2024-04-25,289.71,5.4
CUST_0152,Startup,Retail,2025-08-25,1357.04,4.0
CUST_0153,Enterprise,Retail,2024-05-21,206.58,3.5
CUST_0154,Individual,Manufacturing,2024-04-11,368.85,3.6
CUST_0155,Startup,Healthcare,2025-08-27,1173.99,4.5
CUST_0156,Startup,Retail,2023-11-06,303.31,4.6
CUST_0157,SMB,Retail,2024-02-08,445.15,4.1
CUST_0158,Individual,Healthcare,2023-09-21,2244.06,5.2
CUST_0159,Enterprise,Finance,2025-05-06,618.23,4.8
CUST_0160,SMB,Manufacturing,2025-03-09,148.42,4.7
CUST_0161,Individual,Technology,2023-11-01,203.73,4.5
CUST_0162,Enterprise,Technology,2024-09-05,1183.97,3.7
CUST_0163,Enterprise,Manufacturing,2024-12-02,417.66,3.6
CUST_0164,Enterprise,Healthcare,2024-03-13,487.6,4.3
CUST_0165,SMB,Retail,2024-11-24,205.59,3.6
CUST_0166,Enterprise,Retail,2024-03-10,390.0,4.0
CUST_0167,SMB,Healthcare,2023-12-28,477.58,4.4
CUST_0168,Enterprise,Technology,2025-07-22,217.45,4.8
CUST_0169,Individual,Healthcare,2025-04-29,187.52,4.3
CUST_0170,Startup,Manufacturing,2024-02-06,111.98,4.3
CUST_0171,SMB,Retail,2025-01-16,251.49,4.2
CUST_0172,SMB,Finance,2024-05-18,289.22,4.4
CUST_0173,Individual,Manufacturing,2024-11-19,145.84,4.2
CUST_0174,SMB,Retail,2023-12-30,769.69,3.4
CUST_0175,Individual,Healthcare,2025-03-03,447.54,3.5
CUST_0176,SMB,Manufacturing,2025-07-05,643.02,4.9
CUST_0177,Enterprise,Healthcare,2024-05-27,74.7,4.5
CUST_0178,SMB,Technology,2024-11-30,745.59,4.0
CUST_0179,Startup,Manufacturing,2024-01-05,88.03,4.1
CUST_0180,Individual,Retail,2024-05-17,284.02,5.4
CUST_0181,SMB,Technology,2023-09-11,980.21,3.3
CUST_0182,SMB,Retail,2024-06-09,316.91,4.6
CUST_0183,SMB,Manufacturing,2023-09-10,742.05,2.9
CUST_0184,Individual,Retail,2023-10-05,2113.76,4.2
CUST_0185,SMB,Technology,2025-07-30,1007.81,4.0
CUST_0186,Startup,Healthcare,2025-06-30,150.94,5.0
CUST_0187,Enterprise,Retail,2024-04-27,173.86,4.8
CUST_0188,Startup,Technology,2024-08-03,1269.56,4.3
CUST_0189,Individual,Healthcare,2024-05-26,1416.04,4.6
CUST_0190,Startup,Retail,2023-10-11,1299.76,5.2
CUST_0191,Startup,Manufacturing,2024-01-10,228.0,6.2
CUST_0192,Individual,Healthcare,2024-11-14,310.56,4.7
CUST_0193,Startup,Manufacturing,2024-07-03,903.23,5.0
CUST_0194,Individual,Healthcare,2024-03-28,2025.11,4.5
CUST_0195,SMB,Technology,2025-01-27,266.86,3.5
CUST_0196,Startup,Retail,2025-04-01,55.26,4.8
CUST_0197,SMB,Finance,2024-03-07,282.03,5.1
CUST_0198,SMB,Finance,2024-01-30,193.83,3.5
CUST_0199,Enterprise,Retail,2024-07-13,563.53,3.7
CUST_0200,Individual,Manufacturing,2024-03-28,394.56,3.2
CUST_0201,Individual,Healthcare,2024-07-16,765.72,4.5
CUST_0202,SMB,Retail,2025-02-07,183.01,3.3
CUST_0203,SMB,Technology,2023-09-03,333.8,5.0
CUST_0204,Startup,Technology,2024-08-19,232.23,4.2
CUST_0205,Individual,Healthcare,2025-05-02,673.27,4.4
CUST_0206,Enterprise,Technology,2025-03-04,1128.8,3.8
CUST_0207,Enterprise,Healthcare,2025-04-29,668.98,3.6
CUST_0208,Individual,Manufacturing,2024-05-14,807.7,3.3
CUST_0209,Startup,Manufacturing,2024-12-07,1851.69,3.7
CUST_0210,Enterprise,Technology,2025-03-10,357.98,5.0
CUST_0211,Enterprise,Healthcare,2024-07-11,937.5,4.5
CUST_0212,Enterprise,Healthcare,2024-06-29,253.1,5.4
CUST_0213,Enterprise,Retail,2023-11-26,183.12,3.5
CUST_0214,Startup,Retail,2023-12-03,43.1,3.3
CUST_0215,Enterprise,Finance,2025-08-04,3482.08,4.2
CUST_0216,Enterprise,Retail,2024-07-15,703.81,4.7
CUST_0217,Startup,Finance,2025-04-15,257.88,4.2
CUST_0218,Individual,Technology,2023-11-14,145.22,3.7
CUST_0219,Individual,Retail,2025-01-13,373.77,3.5
CUST_0220,Enterprise,Healthcare,2024-07-11,1027.28,3.8
CUST_0221,SMB,Retail,2025-02-25,231.72,5.4
CUST_0222,Startup,Technology,2024-10-01,399.4,3.5
CUST_0223,Individual,Healthcare,2024-09-02,305.55,3.1
CUST_0224,Startup,Healthcare,2023-11-19,107.78,5.2
CUST_0225,Startup,Healthcare,2025-02-19,323.66,5.7
CUST_0226,Startup,Finance,2025-04-08,466.68,4.3
CUST_0227,Enterprise,Healthcare,2023-09-15,1155.63,4.1
CUST_0228,Individual,Healthcare,2024-11-29,277.4,5.1
CUST_0229,SMB,Healthcare,2024-04-02,512.63,4.2
CUST_0230,SMB,Retail,2025-05-18,294.69,4.3
CUST_0231,SMB,Finance,2024-07-29,254.38,3.5
CUST_0232,Enterprise,Retail,2024-02-08,249.05,5.1
CUST_0233,Enterprise,Finance,2024-10-19,90.33,3.7
CUST_0234,Startup,Manufacturing,2023-09-12,338.22,2.3
CUST_0235,SMB,Finance,2024-03-26,407.28,3.9
CUST_0236,Individual,Healthcare,2024-05-06,412.97,4.4
CUST_0237,Enterprise,Manufacturing,2024-10-05,299.03,5.3
CUST_0238,SMB,Manufacturing,2025-05-28,1268.2,4.0
CUST_0239,Startup,Finance,2025-02-11,271.14,3.9
CUST_0240,Individual,Retail,2025-03-27,171.95,5.6
CUST_0241,Startup,Finance,2024-09-20,737.23,3.6
CUST_0242,Individual,Healthcare,2024-10-22,456.61,4.0
CUST_0243,Enterprise,Healthcare,2023-12-05,181.83,3.7
CUST_0244,SMB,Healthcare,2025-02-05,296.97,3.1
CUST_0245,Enterprise,Finance,2023-12-28,443.76,3.6
CUST_0246,Individual,Finance,2024-03-01,698.14,4.0
CUST_0247,Startup,Finance,2025-03-13,1250.68,4.1
CUST_0248,Startup,Retail,2023-10-25,2759.08,4.2
CUST_0249,Enterprise,Manufacturing,2024-10-13,233.23,3.4
CUST_0250,Startup,Manufacturing,2024-05-20,1012.81,3.5
CUST_0251,Startup,Healthcare,2024-07-04,37.02,5.8
CUST_0252,Enterprise,Healthcare,2024-01-17,797.94,4.4
CUST_0253,Enterprise,Manufacturing,2024-08-02,1108.26,4.7
CUST_0254,Startup,Finance,2025-03-26,318.1,4.4
CUST_0255,SMB,Finance,2024-05-07,308.82,5.1
CUST_0256,SMB,Healthcare,2024-02-12,2479.1,4.0
CUST_0257,Startup,Technology,2023-10-22,364.17,2.4
CUST_0258,Enterprise,Finance,2023-12-08,212.17,4.4
CUST_0259,Enterprise,Retail,2024-06-13,374.69,3.0
CUST_0260,Startup,Retail,2023-12-19,345.94,4.1
CUST_0261,SMB,Technology,2024-12-28,1165.3,3.8
CUST_0262,Enterprise,Technology,2025-03-16,47.84,4.1
CUST_0263,SMB,Retail,2025-06-08,666.95,3.8
CUST_0264,SMB,Technology,2024-08-27,1274.56,3.2
CUST_0265,Startup,Manufacturing,2025-01-17,335.43,2.4
CUST_0266,Individual,Finance,2024-05-18,124.2,4.8
CUST_0267,Enterprise,Finance,2024-08-22,844.03,4.3
CUST_0268,SMB,Finance,2025-07-18,185.72,5.1
CUST_0269,Individual,Technology,2024-01-10,446.51,3.9
CUST_0270,SMB,Technology,2024-05-01,105.0,3.0
CUST_0271,SMB,Finance,2025-06-15,283.33,4.6
CUST_0272,Startup,Finance,2023-12-29,368.78,5.3
CUST_0273,SMB,Healthcare,2024-12-02,143.8,4.2
CUST_0274,Startup,Retail,2025-02-21,151.82,4.4
CUST_0275,Individual,Manufacturing,2024-05-27,118.34,3.5
CUST_0276,Individual,Retail,2025-01-27,190.5,3.7
CUST_0277,SMB,Finance,2025-02-15,1777.64,4.8
CUST_0278,Enterprise,Manufacturing,2023-11-07,933.2,3.9
CUST_0279,Individual,Technology,2024-11-18,236.41,4.0
CUST_0280,Enterprise,Finance,2024-03-15,898.41,2.8
CUST_0281,SMB,Technology,2024-11-03,340.15,3.6
CUST_0282,Startup,Finance,2023-12-12,608.13,3.6
CUST_0283,Startup,Retail,2025-02-09,348.39,3.2
CUST_0284,Enterprise,Retail,2025-06-02,648.65,2.7
CUST_0285,Enterprise,Technology,2025-05-06,235.22,5.5
CUST_0286,SMB,Retail,2025-08-16,277.34,3.7
CUST_0287,Startup,Technology,2024-12-24,638.0,4.8
CUST_0288,Startup,Technology,2025-07-27,278.17,4.3
CUST_0289,Individual,Technology,2025-03-21,1479.66,3.8
CUST_0290,SMB,Retail,2025-04-25,1062.19,4.3
CUST_0291,Startup,Finance,2023-09-09,709.65,4.3
CUST_0292,SMB,Finance,2025-01-02,240.58,3.1
CUST_0293,SMB,Manufacturing,2025-06-11,83.28,3.5
CUST_0294,Individual,Finance,2024-04-06,225.96,5.3
CUST_0295,Individual,Healthcare,2024-04-01,166.14,3.6
CUST_0296,Startup,Retail,2025-07-24,790.51,4.2
CUST_0297,Individual,Manufacturing,2024-10-21,165.93,5.9
CUST_0298,Individual,Healthcare,2023-10-11,183.88,4.1
CUST_0299,Individual,Manufacturing,2024-03-16,245.29,4.4
CUST_0300,Enterprise,Healthcare,2024-11-06,421.64,4.1
CUST_0301,Startup,Healthcare,2023-11-18,347.07,3.3
CUST_0302,Individual,Healthcare,2023-11-02,180.19,3.0
CUST_0303,SMB,Technology,2024-05-05,270.33,4.3
CUST_0304,Individual,Retail,2024-06-06,359.27,5.0
CUST_0305,SMB,Finance,2025-01-17,842.06,4.7
CUST_0306,Individual,Technology,2025-01-14,108.39,2.9
CUST_0307,Enterprise,Retail,2024-07-26,1057.45,4.8
CUST_0308,Enterprise,Technology,2024-10-06,80.04,5.2
CUST_0309,SMB,Manufacturing,2025-04-27,441.85,4.8
CUST_0310,Enterprise,Healthcare,2025-08-12,195.72,4.0
CUST_0311,SMB,Finance,2024-06-02,110.56,3.3
CUST_0312,Startup,Healthcare,2024-09-15,1295.02,3.7
CUST_0313,Enterprise,Retail,2023-09-10,60.91,4.5
CUST_0314,SMB,Manufacturing,2025-06-18,1877.87,4.0
CUST_0315,SMB,Healthcare,2023-12-01,764.81,3.5
CUST_0316,Startup,Manufacturing,2025-08-24,1682.67,5.4
CUST_0317,Startup,Retail,2024-10-28,359.82,3.9
CUST_0318,Enterprise,Technology,2025-05-05,250.99,5.3
CUST_0319,Startup,Retail,2024-04-14,517.67,4.4
CUST_0320,SMB,Retail,2025-02-20,876.09,4.2
CUST_0321,Enterprise,Manufacturing,2024-04-18,107.5,6.2
CUST_0322,Enterprise,Healthcare,2025-06-10,2513.68,4.9
CUST_0323,Startup,Manufacturing,2024-01-29,172.74,4.0
CUST_0324,Individual,Retail,2024-08-08,1924.17,3.3
CUST_0325,SMB,Manufacturing,2024-10-04,226.08,2.5
CUST_0326,Startup,Technology,2025-05-06,456.52,5.9
CUST_0327,SMB,Healthcare,2025-08-21,570.84,4.9
CUST_0328,Individual,Technology,2025-03-11,2057.18,6.2
CUST_0329,Enterprise,Technology,2024-06-13,943.21,4.9
CUST_0330,Individual,Technology,2023-10-20,457.43,3.8
CUST_0331,Enterprise,Manufacturing,2024-07-22,168.76,4.6
CUST_0332,Enterprise,Technology,2025-01-15,2076.73,4.1
CUST_0333,Enterprise,Healthcare,2025-04-06,2449.37,5.6
CUST_0334,Individual,Retail,2024-10-14,792.75,3.9
CUST_0335,Individual,Finance,2024-07-31,1454.23,4.1
CUST_0336,Startup,Technology,2023-10-06,243.45,3.7
CUST_0337,Individual,Manufacturing,2024-12-24,226.84,3.5
CUST_0338,SMB,Technology,2024-09-19,130.89,4.2
CUST_0339,SMB,Finance,2024-05-18,940.66,2.9
CUST_0340,Individual,Technology,2023-11-27,1665.64,3.6
CUST_0341,Startup,Technology,2024-10-27,2849.03,4.0
CUST_0342,Enterprise,Manufacturing,2023-10-01,493.62,5.3
CUST_0343,Individual,Finance,2024-10-17,1226.23,4.3
CUST_0344,SMB,Finance,2024-02-15,964.89,4.1
CUST_0345,Enterprise,Retail,2023-09-16,223.36,4.5
CUST_0346,Enterprise,Healthcare,2024-09-16,1026.7,4.4
CUST_0347,Startup,Retail,2025-08-03,426.18,4.3
CUST_0348,SMB,Retail,2023-09-07,255.86,6.0
CUST_0349,Enterprise,Technology,2024-03-27,133.59,4.8
CUST_0350,Enterprise,Healthcare,2025-08-17,744.92,4.1
CUST_0351,Enterprise,Healthcare,2023-10-17,1134.64,3.1
CUST_0352,Individual,Finance,2025-08-18,775.28,4.8
CUST_0353,Startup,Technology,2024-01-30,354.14,3.8
CUST_0354,SMB,Manufacturing,2023-10-18,899.59,4.9
CUST_0355,Enterprise,Finance,2024-08-20,1038.94,4.6
CUST_0356,SMB,Technology,2025-08-12,78.99,4.7
CUST_0357,Individual,Healthcare,2025-07-30,1553.68,3.8
CUST_0358,Startup,Manufacturing,2023-10-19,337.21,4.3
CUST_0359,Individual,Healthcare,2024-04-30,621.97,4.4
CUST_0360,SMB,Retail,2024-11-22,675.49,4.8
CUST_0361,Startup,Finance,2025-02-19,919.56,4.6
CUST_0362,SMB,Finance,2025-01-28,395.0,3.3
CUST_0363,Individual,Retail,2024-12-28,638.67,4.0
CUST_0364,SMB,Healthcare,2024-11-03,449.36,5.0
CUST_0365,Enterprise,Finance,2025-02-18,1663.25,2.8
CUST_0366,Enterprise,Healthcare,2025-08-13,237.9,1.8
CUST_0367,Enterprise,Technology,2024-07-25,221.51,3.0
CUST_0368,Individual,Manufacturing,2024-01-13,685.73,4.0
CUST_0369,Startup,Technology,2025-01-04,770.23,4.0
CUST_0370,Startup,Manufacturing,2023-12-01,628.86,5.2
CUST_0371,Individual,Technology,2024-08-20,701.89,2.5
CUST_0372,Enterprise,Retail,2025-06-14,250.73,4.4
CUST_0373,Enterprise,Retail,2024-01-01,214.76,4.6
CUST_0374,Enterprise,Finance,2024-08-18,178.83,2.9
CUST_0375,Individual,Finance,2025-05-16,279.76,4.6
CUST_0376,SMB,Finance,2024-05-13,297.37,4.8
CUST_0377,Enterprise,Healthcare,2024-09-11,549.63,4.0
CUST_0378,Individual,Finance,2025-03-17,235.11,4.5
CUST_0379,SMB,Retail,2024-09-07,616.24,4.1
CUST_0380,Startup,Manufacturing,2025-06-30,743.1,2.9
CUST_0381,SMB,Healthcare,2024-05-18,529.83,3.2
CUST_0382,Enterprise,Technology,2024-01-24,497.27,4.7
CUST_0383,Startup,Finance,2024-06-24,960.74,4.7
CUST_0384,Enterprise,Retail,2023-12-30,192.31,4.2
CUST_0385,Startup,Retail,2024-01-17,177.99,3.7
CUST_0386,Individual,Finance,2025-08-10,129.58,3.7
CUST_0387,Enterprise,Finance,2024-03-07,431.5,3.3
CUST_0388,Individual,Retail,2023-12-24,430.85,3.3
CUST_0389,SMB,Technology,2023-11-28,135.29,4.5
CUST_0390,Enterprise,Manufacturing,2024-10-31,628.25,3.8
CUST_0391,Individual,Finance,2024-02-16,704.79,4.5
CUST_0392,Enterprise,Technology,2023-10-26,697.33,3.6
CUST_0393,SMB,Healthcare,2025-01-09,657.07,5.0
CUST_0394,Startup,Healthcare,2024-04-12,312.31,4.4
CUST_0395,Startup,Finance,2025-04-21,1032.75,5.3
CUST_0396,Enterprise,Finance,2024-03-31,105.08,3.9
CUST_0397,Startup,Finance,2024-05-14,1317.1,4.3
CUST_0398,Individual,Manufacturing,2024-04-14,599.73,4.8
CUST_0399,SMB,Healthcare,2025-02-01,222.36,4.8
CUST_0400,Enterprise,Healthcare,2024-02-23,235.99,5.6
CUST_0401,Individual,Manufacturing,2024-05-11,648.43,5.3
CUST_0402,Startup,Retail,2025-08-01,605.91,3.8
CUST_0403,Enterprise,Finance,2024-01-20,877.63,4.4
CUST_0404,Enterprise,Healthcare,2024-10-05,2535.61,3.4
CUST_0405,Enterprise,Technology,2024-11-07,228.06,5.0
CUST_0406,SMB,Healthcare,2025-03-14,651.58,4.1
CUST_0407,Enterprise,Technology,2023-09-03,192.9,4.2
CUST_0408,Enterprise,Manufacturing,2025-05-14,211.85,4.2
CUST_0409,Startup,Retail,2024-02-16,107.64,3.2
CUST_0410,SMB,Manufacturing,2024-10-14,4321.63,4.1
CUST_0411,SMB,Healthcare,2024-11-09,239.39,5.4
CUST_0412,Individual,Retail,2024-07-28,89.83,4.4
CUST_0413,Enterprise,Finance,2024-02-05,428.35,4.5
CUST_0414,SMB,Technology,2025-01-03,669.72,4.4
CUST_0415,Startup,Retail,2025-06-05,398.53,4.1
CUST_0416,Startup,Technology,2025-06-18,1113.9,5.4
CUST_0417,Individual,Manufacturing,2024-05-02,171.04,4.4
CUST_0418,SMB,Healthcare,2024-08-10,504.71,4.8
CUST_0419,Startup,Manufacturing,2025-01-27,697.79,5.4
CUST_0420,Enterprise,Healthcare,2025-06-24,321.36,6.1
CUST_0421,Individual,Manufacturing,2023-12-06,2116.79,5.4
CUST_0422,Enterprise,Healthcare,2024-09-12,410.39,3.5
CUST_0423,Enterprise,Manufacturing,2025-05-13,190.41,4.4
CUST_0424,Individual,Technology,2024-09-30,2741.82,4.5
CUST_0425,SMB,Technology,2025-08-15,744.36,4.8
CUST_0426,Enterprise,Healthcare,2024-08-21,267.56,3.2
CUST_0427,SMB,Manufacturing,2024-04-30,116.48,3.2
CUST_0428,Individual,Manufacturing,2024-02-12,1147.62,3.4
CUST_0429,Enterprise,Manufacturing,2025-06-11,314.35,3.0
CUST_0430,Startup,Technology,2025-04-08,341.01,3.5
CUST_0431,SMB,Healthcare,2025-05-19,1200.72,4.8
CUST_0432,Startup,Finance,2024-10-03,1241.08,3.1
CUST_0433,SMB,Manufacturing,2025-01-07,2969.45,4.5
CUST_0434,SMB,Finance,2024-11-05,303.26,4.0
CUST_0435,Individual,Manufacturing,2024-05-18,908.63,2.6
CUST_0436,SMB,Technology,2025-04-17,2639.39,5.6
CUST_0437,Enterprise,Healthcare,2024-04-13,330.1,3.7
CUST_0438,Startup,Technology,2025-06-01,521.55,3.7
CUST_0439,Enterprise,Finance,2024-01-30,271.61,4.6
CUST_0440,Enterprise,Technology,2024-11-08,180.3,3.5
CUST_0441,Enterprise,Manufacturing,2023-11-06,1155.1,5.5
CUST_0442,SMB,Manufacturing,2024-11-04,269.01,3.8
CUST_0443,SMB,Finance,2023-10-29,1737.97,5.0
CUST_0444,Enterprise,Retail,2024-08-26,624.8,3.9
CUST_0445,SMB,Finance,2025-03-05,221.01,3.2
CUST_0446,Startup,Manufacturing,2023-09-08,238.91,4.6
CUST_0447,SMB,Healthcare,2025-02-11,684.13,5.0
CUST_0448,Individual,Finance,2023-09-13,1691.28,5.2
CUST_0449,Startup,Finance,2024-07-10,124.77,4.0
CUST_0450,SMB,Retail,2024-08-18,413.36,3.9
CUST_0451,Individual,Healthcare,2025-03-04,999.73,4.5
CUST_0452,SMB,Technology,2023-10-15,411.12,4.2
CUST_0453,Enterprise,Finance,2023-09-09,97.79,2.6
CUST_0454,Enterprise,Technology,2023-10-24,471.73,4.2
CUST_0455,Individual,Healthcare,2025-05-18,76.57,3.5
CUST_0456,SMB,Retail,2024-10-29,291.13,2.6
CUST_0457,Enterprise,Technology,2025-08-24,580.42,3.1
CUST_0458,Startup,Retail,2024-04-04,70.73,4.0
CUST_0459,SMB,Retail,2023-12-20,1050.8,4.6
CUST_0460,Startup,Healthcare,2023-09-16,92.56,3.7
CUST_0461,Enterprise,Manufacturing,2023-12-05,252.38,4.6
CUST_0462,Individual,Manufacturing,2025-06-01,607.77,4.0
CUST_0463,Enterprise,Retail,2023-11-02,353.34,5.0
CUST_0464,Startup,Manufacturing,2023-09-05,360.05,4.4
CUST_0465,Individual,Retail,2024-05-07,273.25,5.3
CUST_0466,Startup,Technology,2023-12-01,191.65,4.3
CUST_0467,Startup,Retail,2024-10-28,352.14,3.6
CUST_0468,Individual,Retail,2025-06-17,684.45,3.8
CUST_0469,Individual,Healthcare,2024-10-10,500.38,5.0
CUST_0470,SMB,Retail,2024-03-15,584.24,6.4
CUST_0471,Startup,Technology,2023-09-29,1856.74,4.5
CUST_0472,Startup,Healthcare,2023-10-19,2008.27,4.2
CUST_0473,Startup,Healthcare,2025-06-03,1457.13,4.1
CUST_0474,Individual,Healthcare,2023-11-18,470.68,6.4
CUST_0475,SMB,Manufacturing,2024-07-19,72.36,4.6
CUST_0476,SMB,Technology,2023-12-22,186.08,3.9
CUST_0477,SMB,Retail,2024-06-29,1088.98,3.3
CUST_0478,Individual,Retail,2025-06-06,376.88,5.4
CUST_0479,Individual,Manufacturing,2024-10-22,1077.35,3.5
CUST_0480,SMB,Manufacturing,2024-08-01,181.55,4.4
CUST_0481,Startup,Healthcare,2024-07-15,233.91,3.7
CUST_0482,SMB,Manufacturing,2024-11-18,937.39,3.9
CUST_0483,SMB,Retail,2024-12-22,540.11,2.8
CUST_0484,Individual,Retail,2024-11-01,654.9,4.3
CUST_0485,Startup,Retail,2024-01-29,427.64,4.7
CUST_0486,Startup,Retail,2025-06-27,74.32,2.7
CUST_0487,SMB,Manufacturing,2025-04-16,2442.21,3.1
CUST_0488,SMB,Technology,2025-02-11,776.25,3.1
CUST_0489,SMB,Healthcare,2024-09-04,346.81,3.6
CUST_0490,SMB,Finance,2025-03-03,370.3,4.3
CUST_0491,SMB,Healthcare,2025-04-06,151.96,3.8
CUST_0492,SMB,Technology,2025-08-21,3426.17,4.5
CUST_0493,Enterprise,Healthcare,2025-07-20,1204.78,3.8
CUST_0494,Startup,Retail,2025-01-18,37.46,4.7
CUST_0495,Startup,Manufacturing,2024-09-22,69.52,4.0
CUST_0496,Enterprise,Technology,2025-08-09,237.58,5.4
CUST_0497,Enterprise,Healthcare,2024-04-16,75.96,4.0
CUST_0498,Enterprise,Healthcare,2024-11-11,36.15,5.3
CUST_0499,Individual,Retail,2024-12-05,592.93,4.8
CUST_0500,Startup,Technology,2025-04-09,1999.44,3.6
CUST_0501,SMB,Finance,2023-12-07,324.83,4.5
CUST_0502,Enterprise,Finance,2024-04-16,1318.68,2.7
CUST_0503,Enterprise,Finance,2025-04-14,245.52,5.0
CUST_0504,Enterprise,Finance,2025-05-08,736.37,4.8
CUST_0505,Startup,Healthcare,2023-09-14,99.38,4.2
CUST_0506,Individual,Retail,2023-11-18,832.77,3.8
CUST_0507,Enterprise,Healthcare,2024-10-02,2822.93,5.3
CUST_0508,Enterprise,Technology,2025-07-09,929.36,3.4
CUST_0509,Startup,Finance,2024-09-23,183.23,4.4
CUST_0510,SMB,Finance,2025-04-13,80.14,4.4
CUST_0511,SMB,Manufacturing,2025-07-14,195.0,4.6
CUST_0512,Startup,Healthcare,2023-10-03,262.87,4.2
CUST_0513,Enterprise,Finance,2023-10-08,1012.09,4.0
CUST_0514,Startup,Technology,2023-12-06,283.42,5.7
CUST_0515,Enterprise,Finance,2024-11-01,727.35,4.7
CUST_0516,SMB,Manufacturing,2023-10-02,285.11,3.7
CUST_0517,Individual,Technology,2024-10-23,2418.41,4.0
CUST_0518,Startup,Finance,2024-04-06,1360.38,5.2
CUST_0519,Startup,Manufacturing,2024-09-28,344.86,4.1
CUST_0520,SMB,Healthcare,2024-08-17,300.06,4.1
CUST_0521,Enterprise,Finance,2024-02-04,407.13,4.3
CUST_0522,Startup,Finance,2025-07-04,76.9,3.1
CUST_0523,Startup,Finance,2024-10-17,160.35,3.7
CUST_0524,Startup,Retail,2025-03-16,638.98,4.9
CUST_0525,Enterprise,Retail,2025-02-21,884.15,3.0
CUST_0526,Individual,Healthcare,2025-01-15,529.78,4.9
CUST_0527,Individual,Finance,2024-04-30,586.62,4.6
CUST_0528,Enterprise,Manufacturing,2024-08-30,310.27,3.7
CUST_0529,Individual,Technology,2025-06-12,1048.52,5.8
CUST_0530,Enterprise,Healthcare,2025-04-13,722.83,3.9
CUST_0531,Enterprise,Retail,2024-04-18,1185.15,4.2
CUST_0532,Individual,Finance,2023-12-05,1169.0,5.6
CUST_0533,Enterprise,Technology,2024-03-30,506.9,3.4
CUST_0534,SMB,Technology,2024-03-29,994.27,4.8
CUST_0535,Enterprise,Retail,2024-09-24,331.48,5.2
CUST_0536,Individual,Retail,2024-04-11,147.85,4.4
CUST_0537,Individual,Healthcare,2025-01-25,375.22,4.8
CUST_0538,Startup,Retail,2024-10-17,1094.5,2.4
CUST_0539,Startup,Manufacturing,2025-03-13,1340.16,3.1
CUST_0540,Enterprise,Finance,2024-10-03,612.78,5.2
CUST_0541,Startup,Retail,2024-05-15,57.94,5.3
CUST_0542,Startup,Healthcare,2025-06-30,339.14,5.2
CUST_0543,Individual,Manufacturing,2023-10-18,295.45,5.0
CUST_0544,SMB,Manufacturing,2024-03-26,2390.41,3.6
CUST_0545,SMB,Technology,2023-12-11,284.87,4.7
CUST_0546,SMB,Finance,2024-11-26,139.83,4.7
CUST_0547,SMB,Technology,2025-08-02,395.6,4.8
CUST_0548,Enterprise,Manufacturing,2024-11-30,482.81,3.3
CUST_0549,Enterprise,Retail,2024-02-06,23.55,4.1
CUST_0550,Individual,Healthcare,2025-05-28,1496.49,3.0
CUST_0551,SMB,Finance,2023-10-26,191.69,3.0
CUST_0552,Individual,Healthcare,2024-04-24,376.32,3.4
CUST_0553,SMB,Retail,2025-05-20,816.07,3.9
CUST_0554,Enterprise,Finance,2024-09-16,1047.39,5.2
CUST_0555,Enterprise,Manufacturing,2024-12-17,1610.89,4.7
CUST_0556,Individual,Retail,2024-12-01,414.79,2.8
CUST_0557,Enterprise,Retail,2025-06-17,149.66,4.4
CUST_0558,Individual,Finance,2025-04-07,1802.93,3.9
CUST_0559,Individual,Technology,2024-02-07,736.09,3.8
CUST_0560,Startup,Retail,2025-06-23,136.95,4.3
CUST_0561,SMB,Manufacturing,2025-02-03,886.47,5.2
CUST_0562,Individual,Healthcare,2024-04-06,842.51,4.4
CUST_0563,Individual,Healthcare,2024-12-28,80.67,4.2
CUST_0564,SMB,Retail,2025-02-17,1550.56,3.7
CUST_0565,Enterprise,Technology,2024-09-09,855.18,3.7
CUST_0566,SMB,Healthcare,2024-08-30,219.67,5.2
CUST_0567,Startup,Technology,2024-01-24,361.72,4.7
CUST_0568,Startup,Finance,2025-06-06,212.45,4.3
CUST_0569,Individual,Healthcare,2025-08-06,878.03,4.7
CUST_0570,Individual,Healthcare,2024-01-01,307.84,3.2
CUST_0571,SMB,Retail,2024-12-19,121.87,4.5
CUST_0572,Enterprise,Finance,2024-06-17,567.9,4.7
CUST_0573,Individual,Technology,2024-05-16,151.85,4.8
CUST_0574,Startup,Technology,2025-06-23,992.14,3.8
CUST_0575,Startup,Finance,2025-08-15,719.7,2.5
CUST_0576,Startup,Healthcare,2025-04-23,919.37,3.4
CUST_0577,SMB,Retail,2024-12-03,271.85,3.4
CUST_0578,SMB,Retail,2023-10-24,417.87,4.2
CUST_0579,Enterprise,Retail,2024-08-26,232.36,4.0
CUST_0580,Startup,Retail,2023-09-06,194.05,3.6
CUST_0581,SMB,Finance,2025-02-10,369.43,3.2
CUST_0582,Startup,Manufacturing,2024-06-11,760.19,4.1
CUST_0583,Individual,Finance,2024-06-16,1189.06,6.2
CUST_0584,Enterprise,Manufacturing,2025-01-09,366.72,4.1
CUST_0585,Individual,Retail,2023-09-22,194.43,4.2
CUST_0586,Startup,Retail,2025-04-18,195.43,4.8
CUST_0587,Enterprise,Finance,2024-05-30,572.09,6.2
CUST_0588,Individual,Technology,2025-01-26,1195.26,4.2
CUST_0589,Startup,Retail,2025-06-02,77.7,3.6
CUST_0590,Startup,Finance,2024-03-14,2160.44,5.1
CUST_0591,Enterprise,Retail,2024-05-06,210.98,4.1
CUST_0592,Individual,Healthcare,2025-07-21,222.06,5.9
CUST_0593,SMB,Retail,2024-10-09,331.52,4.9
CUST_0594,Enterprise,Finance,2024-10-25,480.32,4.2
CUST_0595,SMB,Finance,2024-06-15,1771.51,4.4
CUST_0596,Enterprise,Healthcare,2024-09-23,1638.05,4.6
CUST_0597,Individual,Technology,2024-02-19,490.41,4.7
CUST_0598,SMB,Technology,2025-06-29,442.47,3.8
CUST_0599,Enterprise,Finance,2024-08-04,37.99,4.6
CUST_0600,Enterprise,Finance,2024-10-22,694.38,4.1
CUST_0601,Enterprise,Finance,2024-12-24,275.74,4.5
CUST_0602,Individual,Retail,2024-05-19,230.97,4.7
CUST_0603,Startup,Manufacturing,2024-01-19,241.38,5.0
CUST_0604,Startup,Retail,2025-01-27,87.38,4.5
CUST_0605,Startup,Finance,2023-10-27,1270.93,4.6
CUST_0606,Startup,Retail,2025-07-19,3933.65,4.4
CUST_0607,Individual,Healthcare,2024-06-25,473.02,4.4
CUST_0608,SMB,Finance,2024-05-26,90.05,4.6
CUST_0609,SMB,Retail,2024-09-18,188.38,4.5
CUST_0610,SMB,Finance,2025-05-29,1192.74,4.2
CUST_0611,Enterprise,Technology,2025-01-12,147.52,4.1
CUST_0612,Enterprise,Retail,2025-05-29,196.29,5.5
CUST_0613,Individual,Manufacturing,2024-08-02,827.88,4.0
CUST_0614,Startup,Manufacturing,2024-03-21,185.51,4.2
CUST_0615,SMB,Technology,2024-10-08,362.89,4.7
CUST_0616,Individual,Healthcare,2025-02-26,2132.55,5.5
CUST_0617,Startup,Finance,2024-06-04,110.58,3.5
CUST_0618,Individual,Technology,2024-09-21,83.38,4.5
CUST_0619,Startup,Technology,2024-04-08,584.34,4.4
CUST_0620,Startup,Retail,2023-09-03,900.89,5.0
CUST_0621,SMB,Manufacturing,2023-10-18,546.51,3.8
CUST_0622,Individual,Retail,2024-05-16,65.6,5.6
CUST_0623,Enterprise,Manufacturing,2024-02-06,903.21,3.8
CUST_0624,Enterprise,Technology,2023-12-27,261.21,3.6
CUST_0625,Enterprise,Finance,2025-08-26,72.83,5.0
CUST_0626,SMB,Healthcare,2025-06-01,514.29,3.7
CUST_0627,Individual,Manufacturing,2024-08-08,257.93,4.9
CUST_0628,Enterprise,Retail,2024-04-13,419.66,2.8
CUST_0629,SMB,Healthcare,2024-08-01,453.32,5.6
CUST_0630,SMB,Manufacturing,2025-08-20,298.63,5.7
CUST_0631,SMB,Manufacturing,2024-04-04,713.8,5.0
CUST_0632,Startup,Healthcare,2024-02-23,319.58,4.4
CUST_0633,Individual,Retail,2023-11-04,1707.45,5.0
CUST_0634,Individual,Retail,2025-08-31,2269.32,4.7
CUST_0635,Individual,Healthcare,2025-03-04,602.15,4.0
CUST_0636,Enterprise,Technology,2025-04-18,557.89,3.1
CUST_0637,Enterprise,Manufacturing,2024-07-07,65.71,3.5
CUST_0638,Enterprise,Finance,2023-10-28,439.08,4.6
CUST_0639,Individual,Retail,2024-10-14,315.19,3.9
CUST_0640,SMB,Retail,2024-04-08,213.04,3.0
CUST_0641,SMB,Technology,2023-11-14,2214.2,4.8
CUST_0642,Startup,Healthcare,2024-10-15,417.52,4.5
CUST_0643,Startup,Manufacturing,2024-07-02,1129.25,4.0
CUST_0644,SMB,Retail,2025-03-23,742.31,3.0
CUST_0645,Startup,Retail,2024-08-21,1567.12,3.3
CUST_0646,SMB,Technology,2024-04-22,260.69,3.8
CUST_0647,SMB,Manufacturing,2024-07-10,4893.91,4.0
CUST_0648,SMB,Manufacturing,2025-05-30,254.85,4.3
CUST_0649,Enterprise,Retail,2024-10-06,201.84,3.7
CUST_0650,Startup,Finance,2023-09-26,697.2,5.4
CUST_0651,Startup,Manufacturing,2025-07-07,82.74,4.0
CUST_0652,Startup,Finance,2025-08-04,732.63,3.6
CUST_0653,Enterprise,Manufacturing,2023-10-05,466.32,4.3
CUST_0654,Individual,Healthcare,2025-06-21,646.45,4.2
CUST_0655,Individual,Manufacturing,2025-04-23,736.18,4.0
CUST_0656,Startup,Technology,2025-03-27,465.01,4.4
CUST_0657,Enterprise,Manufacturing,2024-03-29,93.43,4.8
CUST_0658,SMB,Manufacturing,2023-11-25,188.66,2.4
CUST_0659,Startup,Healthcare,2024-08-05,914.03,4.0
CUST_0660,Startup,Manufacturing,2024-12-05,3363.46,2.2
CUST_0661,Startup,Technology,2024-12-24,586.31,4.2
CUST_0662,Individual,Manufacturing,2024-07-28,923.43,3.7
CUST_0663,Enterprise,Technology,2025-02-24,49.89,3.1
CUST_0664,Enterprise,Finance,2025-06-17,164.65,3.8
CUST_0665,Individual,Healthcare,2024-09-26,490.53,4.3
CUST_0666,Startup,Finance,2024-08-29,590.77,3.5
CUST_0667,Individual,Manufacturing,2024-09-03,31.52,5.2
CUST_0668,Startup,Finance,2023-10-24,330.69,4.6
CUST_0669,Enterprise,Manufacturing,2025-03-07,217.89,3.4
CUST_0670,Individual,Finance,2025-08-10,2433.59,4.4
CUST_0671,Individual,Technology,2023-09-25,408.13,5.4
CUST_0672,Startup,Healthcare,2023-11-13,511.86,4.4
CUST_0673,Individual,Retail,2024-07-02,1778.85,4.4
CUST_0674,Individual,Healthcare,2024-10-04,2021.48,4.8
CUST_0675,SMB,Technology,2023-09-12,1111.72,4.4
CUST_0676,Enterprise,Technology,2023-11-23,531.27,3.9
CUST_0677,Enterprise,Manufacturing,2023-10-16,700.47,5.3
CUST_0678,Startup,Healthcare,2024-02-28,542.58,5.3
CUST_0679,Enterprise,Manufacturing,2024-11-03,817.57,4.5
CUST_0680,Startup,Manufacturing,2024-10-26,169.41,3.4
CUST_0681,Enterprise,Technology,2024-11-12,696.27,3.8
CUST_0682,Individual,Technology,2024-03-11,258.75,4.2
CUST_0683,Startup,Finance,2024-10-06,353.08,3.8
CUST_0684,Enterprise,Technology,2024-04-06,108.56,3.8
CUST_0685,SMB,Technology,2025-01-12,450.68,5.2
CUST_0686,Startup,Finance,2024-06-11,610.14,3.9
CUST_0687,Individual,Finance,2024-07-08,1370.83,4.3
CUST_0688,Individual,Technology,2023-12-25,78.82,4.4
CUST_0689,Individual,Manufacturing,2024-01-30,885.55,4.4
CUST_0690,Individual,Manufacturing,2025-03-14,243.77,3.3
CUST_0691,Enterprise,Manufacturing,2024-03-18,531.45,4.5
CUST_0692,Individual,Healthcare,2024-10-30,211.05,4.4
CUST_0693,Startup,Technology,2025-03-17,464.37,4.4
CUST_0694,Startup,Manufacturing,2023-11-05,16.72,4.5
CUST_0695,Individual,Technology,2024-05-31,1319.08,3.6
CUST_0696,Startup,Manufacturing,2025-06-17,274.87,4.7
CUST_0697,SMB,Healthcare,2023-12-14,490.05,6.4
CUST_0698,Individual,Technology,2025-02-11,127.48,2.7
CUST_0699,Individual,Healthcare,2023-10-01,1510.21,5.8
CUST_0700,Startup,Manufacturing,2023-10-12,2526.76,3.1
CUST_0701,Individual,Finance,2024-07-17,1086.05,5.2
CUST_0702,Enterprise,Finance,2023-09-03,327.82,5.1
CUST_0703,Startup,Manufacturing,2025-01-26,1607.73,4.0
CUST_0704,Startup,Technology,2024-05-05,686.19,3.9
CUST_0705,SMB,Retail,2025-02-21,300.25,3.6
CUST_0706,Startup,Technology,2025-05-30,689.91,6.1
CUST_0707,Individual,Healthcare,2024-06-30,376.09,5.0
CUST_0708,Startup,Technology,2024-05-23,743.83,4.1
CUST_0709,SMB,Technology,2025-07-05,2074.27,4.4
CUST_0710,SMB,Technology,2024-12-12,481.85,6.1
CUST_0711,Startup,Manufacturing,2023-10-02,416.57,3.6
CUST_0712,Startup,Finance,2025-02-06,97.37,3.4
CUST_0713,Individual,Healthcare,2024-03-04,521.89,4.1
CUST_0714,SMB,Healthcare,2024-08-22,1890.71,4.8
CUST_0715,Enterprise,Manufacturing,2023-12-20,439.75,2.7
CUST_0716,SMB,Technology,2024-04-20,181.6,3.7
CUST_0717,Individual,Retail,2024-08-07,1580.97,4.0
CUST_0718,Individual,Finance,2024-05-08,733.15,4.1
CUST_0719,SMB,Retail,2024-08-01,609.22,4.2
CUST_0720,Enterprise,Technology,2025-02-09,266.17,3.1
CUST_0721,SMB,Manufacturing,2024-10-06,4736.35,4.7
CUST_0722,Startup,Retail,2025-08-27,911.18,5.2
CUST_0723,Enterprise,Retail,2024-11-25,642.95,3.0
CUST_0724,Enterprise,Finance,2023-10-27,1330.52,4.5
CUST_0725,Enterprise,Technology,2025-02-09,125.26,3.7
CUST_0726,SMB,Manufacturing,2025-04-25,251.15,4.8
CUST_0727,Individual,Healthcare,2025-01-14,5218.07,4.2
CUST_0728,Enterprise,Technology,2024-08-25,1289.19,4.4
CUST_0729,Startup,Healthcare,2024-05-19,447.53,4.1
CUST_0730,Individual,Healthcare,2025-07-09,493.16,3.5
CUST_0731,Enterprise,Finance,2025-08-09,1100.15,2.4
CUST_0732,SMB,Finance,2024-04-22,1333.39,4.4
CUST_0733,Startup,Technology,2023-09-21,247.92,4.6
CUST_0734,SMB,Finance,2023-11-26,2501.66,3.5
CUST_0735,SMB,Finance,2023-12-20,429.11,3.2
CUST_0736,Enterprise,Healthcare,2024-06-14,38.42,4.1
CUST_0737,Individual,Manufacturing,2024-08-27,983.78,4.0
CUST_0738,Startup,Manufacturing,2024-05-20,189.59,3.1
CUST_0739,Startup,Retail,2025-04-19,26.78,3.4
CUST_0740,Individual,Manufacturing,2023-12-19,88.75,4.2
CUST_0741,SMB,Retail,2024-08-07,119.56,4.5
CUST_0742,Startup,Retail,2024-08-02,228.29,4.3
CUST_0743,Enterprise,Technology,2023-10-12,85.26,3.6
CUST_0744,SMB,Finance,2024-01-26,752.35,4.9
CUST_0745,Individual,Retail,2025-08-17,3265.57,3.9
CUST_0746,Enterprise,Healthcare,2024-08-01,988.73,3.1
CUST_0747,SMB,Healthcare,2024-03-18,149.86,3.8
CUST_0748,Individual,Healthcare,2023-11-19,219.54,4.3
CUST_0749,Individual,Healthcare,2024-02-23,786.75,4.5
CUST_0750,Individual,Retail,2024-02-29,104.71,4.7
CUST_0751,Startup,Finance,2023-11-16,172.1,5.4
CUST_0752,SMB,Healthcare,2024-06-29,574.26,5.0
CUST_0753,Enterprise,Finance,2025-01-27,1239.04,4.5
CUST_0754,Startup,Technology,2023-12-18,880.03,2.9
CUST_0755,Individual,Finance,2024-01-14,1530.38,5.3
CUST_0756,SMB,Retail,2025-04-12,134.43,4.6
CUST_0757,Startup,Technology,2025-02-04,153.13,6.2
CUST_0758,Enterprise,Finance,2025-07-08,125.94,4.9
CUST_0759,SMB,Manufacturing,2025-01-10,952.2,3.5
CUST_0760,Enterprise,Manufacturing,2023-12-03,471.74,5.1
CUST_0761,SMB,Technology,2024-05-03,362.7,4.8
CUST_0762,Individual,Healthcare,2025-08-18,325.9,4.1
CUST_0763,SMB,Finance,2024-10-12,2421.68,5.1
CUST_0764,Enterprise,Manufacturing,2024-04-08,246.66,6.4
CUST_0765,Enterprise,Healthcare,2024-04-30,1651.49,3.9
CUST_0766,Startup,Technology,2025-01-10,924.37,3.8
CUST_0767,Enterprise,Healthcare,2024-11-07,181.9,4.8
CUST_0768,Enterprise,Healthcare,2024-10-11,122.98,3.4
CUST_0769,Enterprise,Retail,2024-07-23,715.6,4.3
CUST_0770,Individual,Manufacturing,2023-12-29,4185.13,4.3
CUST_0771,SMB,Technology,2024-07-19,474.65,2.3
CUST_0772,SMB,Technology,2024-11-25,1838.39,3.7
CUST_0773,SMB,Manufacturing,2023-10-11,428.69,3.0
CUST_0774,SMB,Manufacturing,2024-07-08,656.26,3.2
CUST_0775,Startup,Retail,2024-01-25,47.42,3.3
CUST_0776,SMB,Retail,2025-08-04,92.22,5.2
CUST_0777,Individual,Manufacturing,2025-07-10,56.12,4.7
CUST_0778,Enterprise,Finance,2024-03-04,467.51,4.3
CUST_0779,Individual,Healthcare,2023-11-01,841.07,3.7
CUST_0780,Startup,Healthcare,2024-07-23,168.92,4.3
CUST_0781,Individual,Finance,2024-09-08,802.41,4.1
CUST_0782,Individual,Healthcare,2025-01-24,911.54,3.6
CUST_0783,Startup,Retail,2024-01-23,81.62,3.7
CUST_0784,Enterprise,Technology,2025-03-01,625.17,3.9
CUST_0785,Startup,Retail,2025-05-29,180.71,4.1
CUST_0786,SMB,Finance,2025-05-19,1081.19,4.9
CUST_0787,Startup,Healthcare,2025-04-24,700.96,2.8
CUST_0788,SMB,Healthcare,2025-01-01,223.73,4.3
CUST_0789,Enterprise,Manufacturing,2024-10-06,426.89,3.8
CUST_0790,Enterprise,Manufacturing,2025-01-10,1107.26,4.7
CUST_0791,SMB,Retail,2024-04-07,549.06,2.9
CUST_0792,Individual,Manufacturing,2024-01-15,1093.23,3.1
CUST_0793,Startup,Finance,2025-07-02,1176.37,4.0
CUST_0794,SMB,Manufacturing,2023-12-17,380.29,2.7
CUST_0795,Startup,Manufacturing,2024-01-16,120.41,4.3
CUST_0796,Enterprise,Retail,2024-01-26,207.81,3.8
CUST_0797,Startup,Technology,2025-07-15,1237.27,3.8
CUST_0798,Individual,Finance,2023-12-18,228.21,5.0
CUST_0799,Startup,Manufacturing,2024-01-03,376.63,5.1
CUST_0800,Enterprise,Manufacturing,2025-03-26,91.91,4.9
CUST_0801,SMB,Healthcare,2025-05-21,277.51,5.4
CUST_0802,Individual,Finance,2024-03-13,909.2,4.7
CUST_0803,Individual,Technology,2024-06-03,536.86,4.5
CUST_0804,Enterprise,Finance,2023-11-11,131.52,4.2
CUST_0805,SMB,Retail,2025-06-06,2275.73,3.8
CUST_0806,Startup,Manufacturing,2024-09-12,682.33,3.9
CUST_0807,SMB,Retail,2024-09-14,247.03,2.7
CUST_0808,Startup,Finance,2024-04-04,500.39,5.5
CUST_0809,Enterprise,Manufacturing,2025-01-08,646.51,3.5
CUST_0810,Individual,Manufacturing,2025-08-26,1344.96,3.7
CUST_0811,Individual,Retail,2024-11-17,395.46,5.5
CUST_0812,Enterprise,Retail,2024-03-18,233.21,5.1
CUST_0813,Enterprise,Manufacturing,2024-04-11,106.47,3.5
CUST_0814,Enterprise,Healthcare,2023-12-29,264.04,5.1
CUST_0815,Enterprise,Healthcare,2024-05-26,274.17,5.4
CUST_0816,Enterprise,Technology,2024-12-17,850.55,5.6
CUST_0817,SMB,Technology,2024-11-28,167.34,3.3
CUST_0818,Startup,Retail,2024-11-03,448.33,4.0
CUST_0819,Enterprise,Manufacturing,2025-05-25,261.91,5.3
CUST_0820,SMB,Technology,2024-07-30,947.42,5.2
CUST_0821,Enterprise,Retail,2023-11-28,73.82,4.1
CUST_0822,SMB,Finance,2025-08-23,1081.78,5.7
CUST_0823,Individual,Technology,2024-09-15,560.88,3.5
CUST_0824,SMB,Finance,2023-12-02,2466.38,3.6
CUST_0825,Startup,Technology,2024-09-11,113.77,3.6
CUST_0826,Enterprise,Manufacturing,2025-01-01,1426.12,5.5
CUST_0827,Enterprise,Manufacturing,2024-10-23,468.95,4.0
CUST_0828,Individual,Technology,2025-05-01,1578.16,4.1
CUST_0829,SMB,Technology,2024-09-16,156.62,5.8
CUST_0830,SMB,Healthcare,2025-05-04,864.28,3.6
CUST_0831,Individual,Finance,2025-02-19,2710.05,4.3
CUST_0832,Startup,Manufacturing,2025-04-26,195.57,4.1
CUST_0833,Startup,Finance,2024-01-14,772.19,4.2
CUST_0834,Enterprise,Retail,2024-09-15,376.7,4.5
CUST_0835,Enterprise,Technology,2025-05-22,259.36,2.3
CUST_0836,Startup,Retail,2024-12-17,532.62,3.9
CUST_0837,Startup,Manufacturing,2024-08-05,327.63,4.1
CUST_0838,Startup,Manufacturing,2024-12-12,329.72,3.5
CUST_0839,SMB,Finance,2025-03-19,4403.03,5.5
CUST_0840,Startup,Finance,2025-03-25,383.3,2.8
CUST_0841,Enterprise,Healthcare,2024-06-03,380.28,2.8
CUST_0842,Individual,Finance,2024-01-17,1041.59,4.8
CUST_0843,SMB,Technology,2025-06-21,215.42,3.6
CUST_0844,Startup,Retail,2024-04-30,119.07,4.6
CUST_0845,SMB,Retail,2024-11-20,73.78,3.6
CUST_0846,Individual,Retail,2024-02-23,751.2,3.0
CUST_0847,Individual,Healthcare,2024-08-21,574.34,5.4
CUST_0848,Startup,Technology,2024-07-09,168.3,4.3
CUST_0849,Individual,Technology,2024-06-12,1198.21,5.2
CUST_0850,Enterprise,Technology,2024-02-01,694.94,3.3
CUST_0851,Enterprise,Healthcare,2024-09-30,1289.57,4.6
CUST_0852,Enterprise,Retail,2023-10-05,1064.63,3.8
CUST_0853,Startup,Healthcare,2025-02-01,153.6,3.6
CUST_0854,Enterprise,Technology,2024-01-22,593.12,3.9
CUST_0855,Startup,Manufacturing,2024-07-22,172.42,5.0
CUST_0856,SMB,Retail,2025-02-06,190.47,3.9
CUST_0857,Individual,Finance,2025-05-26,293.57,4.0
CUST_0858,Enterprise,Healthcare,2025-06-25,429.59,4.3
CUST_0859,Startup,Finance,2023-11-20,171.6,3.7
CUST_0860,Enterprise,Healthcare,2025-05-27,310.23,4.8
CUST_0861,Enterprise,Manufacturing,2025-06-21,682.59,3.6
CUST_0862,Enterprise,Finance,2024-12-07,598.45,4.7
CUST_0863,SMB,Finance,2025-06-10,542.45,4.9
CUST_0864,Enterprise,Retail,2024-12-08,132.46,4.6
CUST_0865,Startup,Finance,2025-05-11,1576.97,3.7
CUST_0866,Startup,Retail,2024-01-21,420.04,3.8
CUST_0867,Individual,Manufacturing,2025-04-08,983.44,5.0
CUST_0868,Enterprise,Manufacturing,2024-12-29,368.69,3.1
CUST_0869,Enterprise,Healthcare,2024-10-22,276.74,4.5
CUST_0870,Individual,Finance,2024-05-04,321.15,4.3
CUST_0871,SMB,Manufacturing,2025-05-03,456.98,4.7
CUST_0872,Individual,Finance,2024-01-15,737.9,3.9
CUST_0873,Individual,Retail,2023-12-04,92.39,3.8
CUST_0874,Startup,Technology,2024-05-26,1269.39,3.0
CUST_0875,Enterprise,Manufacturing,2024-05-27,157.06,5.7
CUST_0876,Individual,Manufacturing,2024-12-14,631.85,3.9
CUST_0877,Startup,Technology,2024-10-24,3341.84,4.6
CUST_0878,SMB,Finance,2024-12-30,430.04,4.2
CUST_0879,Enterprise,Technology,2025-02-08,557.21,4.0
CUST_0880,SMB,Healthcare,2025-08-29,5771.97,2.9
CUST_0881,Individual,Manufacturing,2024-10-09,269.38,4.8
CUST_0882,Startup,Finance,2025-08-21,226.5,2.9
CUST_0883,Startup,Technology,2023-10-04,2943.47,4.5
CUST_0884,Enterprise,Technology,2025-05-28,260.7,4.0
CUST_0885,Enterprise,Finance,2024-08-01,615.45,3.9
CUST_0886,Startup,Manufacturing,2024-08-06,657.91,4.1
CUST_0887,SMB,Finance,2024-09-29,180.58,4.0
CUST_0888,Individual,Healthcare,2025-04-13,379.02,4.9
CUST_0889,SMB,Manufacturing,2025-08-25,108.27,4.2
CUST_0890,Startup,Manufacturing,2025-04-09,535.09,4.7
CUST_0891,Startup,Finance,2024-03-16,577.78,4.9
CUST_0892,Individual,Healthcare,2023-12-22,1208.22,3.9
CUST_0893,SMB,Finance,2024-03-17,707.63,3.6
CUST_0894,Startup,Healthcare,2024-09-01,383.72,3.6
CUST_0895,Startup,Healthcare,2024-11-06,210.06,3.9
CUST_0896,Enterprise,Technology,2023-09-14,118.91,3.4
CUST_0897,Startup,Finance,2025-05-01,426.59,4.3
CUST_0898,SMB,Healthcare,2023-12-26,1155.41,4.6
CUST_0899,Enterprise,Manufacturing,2024-07-21,429.25,5.6
CUST_0900,Startup,Healthcare,2024-08-27,481.21,4.1
CUST_0901,Startup,Technology,2024-12-11,332.42,4.1
CUST_0902,SMB,Healthcare,2024-01-14,239.28,3.9
CUST_0903,Startup,Healthcare,2024-02-20,545.3,4.6
CUST_0904,SMB,Finance,2024-03-08,233.01,4.4
CUST_0905,SMB,Manufacturing,2024-10-15,82.07,4.5
CUST_0906,Startup,Manufacturing,2024-03-29,139.24,3.6
CUST_0907,Individual,Manufacturing,2023-10-29,419.76,4.8
CUST_0908,Enterprise,Retail,2025-04-18,103.52,3.9
CUST_0909,Startup,Retail,2023-10-13,306.28,4.1
CUST_0910,Startup,Healthcare,2024-07-22,402.69,3.4
CUST_0911,Startup,Manufacturing,2025-07-01,506.67,4.5
CUST_0912,Enterprise,Technology,2024-12-04,1075.73,4.2
CUST_0913,Startup,Healthcare,2023-12-06,812.74,4.9
CUST_0914,Startup,Retail,2024-05-24,140.31,5.1
CUST_0915,SMB,Technology,2025-03-25,861.28,3.3
CUST_0916,Individual,Finance,2025-04-05,259.71,5.7
CUST_0917,Enterprise,Finance,2024-10-25,310.31,3.9
CUST_0918,Startup,Healthcare,2025-05-11,983.19,4.9
CUST_0919,Enterprise,Technology,2024-04-25,272.04,6.4
CUST_0920,Enterprise,Retail,2025-01-03,153.13,4.6
CUST_0921,Individual,Technology,2025-08-09,675.82,4.8
CUST_0922,Startup,Retail,2025-05-22,842.3,4.8
CUST_0923,SMB,Finance,2023-09-30,620.99,4.4
CUST_0924,Enterprise,Retail,2024-07-24,454.18,2.8
CUST_0925,Startup,Technology,2023-11-12,634.03,4.9
CUST_0926,SMB,Healthcare,2024-10-01,145.69,2.4
CUST_0927,Enterprise,Retail,2024-10-06,84.15,5.1
CUST_0928,Enterprise,Healthcare,2024-06-27,644.67,3.5
CUST_0929,Startup,Healthcare,2024-08-31,501.46,4.9
CUST_0930,Individual,Healthcare,2023-11-06,328.92,3.5
CUST_0931,Individual,Healthcare,2025-04-25,238.75,5.0
CUST_0932,Enterprise,Manufacturing,2023-09-07,301.78,2.6
CUST_0933,Startup,Manufacturing,2025-05-31,117.34,3.4
CUST_0934,SMB,Technology,2025-03-22,412.48,3.7
CUST_0935,SMB,Healthcare,2024-07-23,914.34,2.8
CUST_0936,Startup,Technology,2023-12-07,193.12,4.3
CUST_0937,Individual,Retail,2024-05-04,194.93,4.6
CUST_0938,Individual,Retail,2024-02-08,316.55,4.1
CUST_0939,SMB,Retail,2024-07-12,1231.96,3.1
CUST_0940,Enterprise,Finance,2024-10-22,95.07,3.7
CUST_0941,Individual,Technology,2024-05-15,470.03,4.0
CUST_0942,Startup,Retail,2024-09-14,81.41,6.6
CUST_0943,Individual,Healthcare,2025-02-09,518.13,3.2
CUST_0944,SMB,Finance,2024-06-29,308.28,5.3
CUST_0945,Enterprise,Technology,2024-01-09,900.97,3.2
CUST_0946,SMB,Healthcare,2024-10-20,684.63,3.9
CUST_0947,Startup,Technology,2023-12-09,731.03,4.2
CUST_0948,Individual,Finance,2024-01-19,100.67,4.1
CUST_0949,Enterprise,Healthcare,2024-12-12,327.38,3.6
CUST_0950,Individual,Healthcare,2024-01-31,17.63,5.5
CUST_0951,Enterprise,Technology,2025-02-10,1213.24,3.1
CUST_0952,Startup,Manufacturing,2024-02-13,533.89,2.9
CUST_0953,SMB,Retail,2025-02-01,209.78,3.4
CUST_0954,Individual,Healthcare,2025-08-23,34.65,3.2
CUST_0955,Enterprise,Healthcare,2024-03-14,618.87,4.1
CUST_0956,SMB,Healthcare,2023-10-11,435.93,5.1
CUST_0957,Individual,Technology,2024-03-13,299.69,3.6
CUST_0958,Enterprise,Technology,2024-09-04,704.46,3.6
CUST_0959,Individual,Retail,2025-07-01,404.59,5.1
CUST_0960,Individual,Manufacturing,2024-03-23,214.15,3.7
CUST_0961,Startup,Finance,2023-12-17,1638.09,4.8
CUST_0962,Startup,Healthcare,2025-07-31,103.05,2.7
CUST_0963,SMB,Healthcare,2024-04-10,690.81,2.8
CUST_0964,Individual,Healthcare,2024-09-19,744.28,4.8
CUST_0965,SMB,Finance,2024-02-24,541.89,3.9
CUST_0966,Individual,Retail,2025-08-12,562.7,4.3
CUST_0967,Individual,Healthcare,2025-04-23,419.93,3.9
CUST_0968,Individual,Technology,2024-09-15,397.72,4.0
CUST_0969,Startup,Healthcare,2023-11-02,369.3,4.8
CUST_0970,Startup,Manufacturing,2024-01-03,2007.46,4.2
CUST_0971,Startup,Manufacturing,2024-03-06,478.78,3.5
CUST_0972,Individual,Healthcare,2025-02-08,318.34,4.9
CUST_0973,Individual,Healthcare,2023-12-19,925.01,2.4
CUST_0974,SMB,Healthcare,2024-03-13,959.02,4.1
CUST_0975,Startup,Technology,2024-07-10,1014.53,5.1
CUST_0976,Enterprise,Finance,2024-11-25,635.17,3.4
CUST_0977,Enterprise,Technology,2023-12-11,491.71,3.5
CUST_0978,Enterprise,Retail,2024-10-28,723.34,6.0
CUST_0979,Enterprise,Technology,2025-06-29,66.45,5.2
CUST_0980,Startup,Technology,2024-12-19,199.53,4.3
CUST_0981,Enterprise,Finance,2025-06-10,544.94,4.4
CUST_0982,Startup,Manufacturing,2025-05-23,286.99,5.2
CUST_0983,Enterprise,Retail,2025-03-11,1188.43,3.8
CUST_0984,Individual,Retail,2024-11-04,492.18,5.1
CUST_0985,Enterprise,Healthcare,2024-09-19,168.18,4.1
CUST_0986,Startup,Finance,2024-07-16,1640.04,3.8
CUST_0987,Individual,Healthcare,2024-10-04,466.73,3.7
CUST_0988,SMB,Retail,2024-01-11,685.38,4.6
CUST_0989,Startup,Manufacturing,2024-06-22,91.61,4.3
CUST_0990,Individual,Retail,2023-11-20,698.97,3.7
CUST_0991,Individual,Healthcare,2024-04-11,1468.27,2.9
CUST_0992,Enterprise,Finance,2024-07-31,470.26,4.5
CUST_0993,Enterprise,Technology,2024-04-23,2035.18,4.9
CUST_0994,Individual,Healthcare,2023-12-30,532.82,4.4
CUST_0995,Individual,Healthcare,2024-02-07,459.69,3.6
CUST_0996,Individual,Technology,2024-03-19,207.19,5.7
CUST_0997,Startup,Manufacturing,2025-01-05,643.71,3.3
CUST_0998,Enterprise,Retail,2024-06-11,401.88,3.6
CUST_0999,Individual,Retail,2024-11-14,743.04,3.8
CUST_1000,Individual,Healthcare,2025-02-15,123.83,5.0
